{"cameraMode":{"drawMode":0,"name":"Shaded","section":"Shading Mode"},"sceneLighting":false,"audioPlay":false,"sceneViewState":{"showFog":true,"showMaterialUpdate":false,"showSkybox":false,"showFlares":false,"showImageEffects":false,"showParticleSystems":false},"in2DMode":false,"pivot":{"x":-0.5953987240791321,"y":0.5849310755729675,"z":59.89443588256836},"rotation":{"x":0.07828913629055023,"y":-0.5355370044708252,"z":0.049949079751968387,"w":0.8393905758857727},"size":0.7648791670799255,"orthographic":false}