{"cameraMode":{"drawMode":0,"name":"Shaded","section":"Shading Mode"},"sceneLighting":false,"audioPlay":false,"sceneViewState":{"showFog":true,"showMaterialUpdate":true,"showSkybox":false,"showFlares":true,"showImageEffects":true,"showParticleSystems":true},"in2DMode":false,"pivot":{"x":1.5976201295852662,"y":1.3294187784194947,"z":40.26910400390625},"rotation":{"x":0.0008953983779065311,"y":0.0719374269247055,"z":-0.00006427409243769944,"w":0.9974103569984436},"size":1.8814890384674073,"orthographic":false}