{"cameraMode":{"drawMode":0,"name":"Shaded","section":"Shading Mode"},"sceneLighting":false,"audioPlay":false,"sceneViewState":{"showFog":true,"showMaterialUpdate":true,"showSkybox":false,"showFlares":true,"showImageEffects":true,"showParticleSystems":true},"in2DMode":false,"pivot":{"x":2.212569236755371,"y":-1.1704660654067994,"z":61.78986358642578},"rotation":{"x":0.07059711962938309,"y":-0.3638269007205963,"z":0.027667058631777765,"w":0.9283766746520996},"size":4.192808151245117,"orthographic":false}