{"cameraMode":{"drawMode":0,"name":"Shaded","section":"Shading Mode"},"sceneLighting":false,"audioPlay":false,"sceneViewState":{"showFog":true,"showMaterialUpdate":true,"showSkybox":false,"showFlares":true,"showImageEffects":true,"showParticleSystems":true},"in2DMode":false,"pivot":{"x":2.527682304382324,"y":-2.1729137897491457,"z":45.07585144042969},"rotation":{"x":0.21580614149570466,"y":0.1804152876138687,"z":-0.040608759969472888,"w":0.9587653875350952},"size":4.292819976806641,"orthographic":false}