{"cameraMode":{"drawMode":0,"name":"Shaded","section":"Shading Mode"},"sceneLighting":false,"audioPlay":false,"sceneViewState":{"showFog":true,"showMaterialUpdate":true,"showSkybox":false,"showFlares":true,"showImageEffects":true,"showParticleSystems":true},"in2DMode":false,"pivot":{"x":3.450357437133789,"y":1.8815586566925049,"z":39.22526168823242},"rotation":{"x":0.06820398569107056,"y":-0.6271408200263977,"z":0.055266279727220538,"w":0.7739445567131043},"size":0.03950810432434082,"orthographic":false}