{"cameraMode":{"drawMode":0,"name":"Shaded","section":"Shading Mode"},"sceneLighting":false,"audioPlay":false,"sceneViewState":{"showFog":true,"showMaterialUpdate":true,"showSkybox":false,"showFlares":true,"showImageEffects":true,"showParticleSystems":true},"in2DMode":false,"pivot":{"x":0.0779954195022583,"y":1.4668095111846924,"z":40.285404205322269},"rotation":{"x":0.0008819116046652198,"y":-0.18640397489070893,"z":0.00016763515304774046,"w":0.9824743866920471},"size":1.8814890384674073,"orthographic":false}