{"cameraMode":{"drawMode":0,"name":"Shaded","section":"Shading Mode"},"sceneLighting":false,"audioPlay":false,"sceneViewState":{"showFog":true,"showMaterialUpdate":true,"showSkybox":false,"showFlares":true,"showImageEffects":true,"showParticleSystems":true},"in2DMode":false,"pivot":{"x":-4.107409477233887,"y":0.09160208702087403,"z":50.018131256103519},"rotation":{"x":0.05746550112962723,"y":-0.2503521740436554,"z":0.014888261444866658,"w":0.9663345217704773},"size":7.0174455642700199,"orthographic":false}