{"cameraMode":{"drawMode":0,"name":"Shaded","section":"Shading Mode"},"sceneLighting":false,"audioPlay":false,"sceneViewState":{"showFog":true,"showMaterialUpdate":true,"showSkybox":false,"showFlares":true,"showImageEffects":true,"showParticleSystems":true},"in2DMode":false,"pivot":{"x":-0.31893372535705569,"y":1.9859037399291993,"z":41.19194030761719},"rotation":{"x":-0.008071606047451496,"y":-0.08688805997371674,"z":-0.0007037027389742434,"w":0.9961867332458496},"size":2.2279884815216066,"orthographic":false}