{"cameraMode":{"drawMode":0,"name":"Shaded","section":"Shading Mode"},"sceneLighting":false,"audioPlay":false,"sceneViewState":{"showFog":true,"showMaterialUpdate":true,"showSkybox":false,"showFlares":true,"showImageEffects":true,"showParticleSystems":true},"in2DMode":false,"pivot":{"x":3.6132092475891115,"y":-2.8817825317382814,"z":-30.75461196899414},"rotation":{"x":0.024136964231729509,"y":0.9758583307266235,"z":-0.151981383562088,"w":0.15498138964176179},"size":7.149864196777344,"orthographic":false}