{"cameraMode":{"drawMode":0,"name":"Shaded","section":"Shading Mode"},"sceneLighting":false,"audioPlay":false,"sceneViewState":{"showFog":true,"showMaterialUpdate":true,"showSkybox":false,"showFlares":true,"showImageEffects":true,"showParticleSystems":true},"in2DMode":false,"pivot":{"x":4.2759857177734379,"y":0.7316507697105408,"z":30.427879333496095},"rotation":{"x":-0.0041244253516197208,"y":-0.9803045988082886,"z":0.020589517429471017,"w":-0.19637499749660493},"size":6.59751033782959,"orthographic":false}