{"cameraMode":{"drawMode":0,"name":"Shaded","section":"Shading Mode"},"sceneLighting":false,"audioPlay":false,"sceneViewState":{"showFog":true,"showMaterialUpdate":false,"showSkybox":false,"showFlares":false,"showImageEffects":false,"showParticleSystems":false},"in2DMode":false,"pivot":{"x":6.859067440032959,"y":-93.60577392578125,"z":88.6268539428711},"rotation":{"x":0.3389338254928589,"y":0.023986006155610086,"z":-0.008645446971058846,"w":0.9404720067977905},"size":93.7186508178711,"orthographic":false}