{"cameraMode":{"drawMode":0,"name":"Shaded","section":"Shading Mode"},"sceneLighting":false,"audioPlay":false,"sceneViewState":{"showFog":true,"showMaterialUpdate":true,"showSkybox":false,"showFlares":true,"showImageEffects":true,"showParticleSystems":true},"in2DMode":false,"pivot":{"x":-0.005865663290023804,"y":1.5515366792678834,"z":39.04753112792969},"rotation":{"x":0.000386104395147413,"y":-0.9987460970878601,"z":0.049478236585855487,"w":0.007787398528307676},"size":2.1814889907836916,"orthographic":false}