{"cameraMode":{"drawMode":0,"name":"Shaded","section":"Shading Mode"},"sceneLighting":false,"audioPlay":false,"sceneViewState":{"showFog":true,"showMaterialUpdate":true,"showSkybox":false,"showFlares":true,"showImageEffects":true,"showParticleSystems":true},"in2DMode":false,"pivot":{"x":-0.08687087893486023,"y":0.8831167221069336,"z":39.98889923095703},"rotation":{"x":-0.01409916765987873,"y":0.019496385008096696,"z":0.0002752654254436493,"w":0.9997120499610901},"size":1.581489086151123,"orthographic":false}