{"cameraMode":{"drawMode":0,"name":"Shaded","section":"Shading Mode"},"sceneLighting":false,"audioPlay":false,"sceneViewState":{"showFog":true,"showMaterialUpdate":true,"showSkybox":false,"showFlares":true,"showImageEffects":true,"showParticleSystems":true},"in2DMode":false,"pivot":{"x":0.16417142748832704,"y":1.2178887128829957,"z":40.385597229003909},"rotation":{"x":0.05173443630337715,"y":0.07333457469940186,"z":-0.003808960085734725,"w":0.9959587454795837},"size":1.8814890384674073,"orthographic":false}