{"cameraMode":{"drawMode":0,"name":"Shaded","section":"Shading Mode"},"sceneLighting":false,"audioPlay":false,"sceneViewState":{"showFog":true,"showMaterialUpdate":true,"showSkybox":false,"showFlares":true,"showImageEffects":true,"showParticleSystems":true},"in2DMode":false,"pivot":{"x":-0.6727516651153565,"y":0.5124219059944153,"z":-14.327178001403809},"rotation":{"x":0.03800777718424797,"y":-0.3443976044654846,"z":0.013955740258097649,"w":0.9379505515098572},"size":1.2495191097259522,"orthographic":false}