{"cameraMode":{"drawMode":0,"name":"Shaded","section":"Shading Mode"},"sceneLighting":false,"audioPlay":false,"sceneViewState":{"showFog":true,"showMaterialUpdate":true,"showSkybox":false,"showFlares":true,"showImageEffects":true,"showParticleSystems":true},"in2DMode":false,"pivot":{"x":-2.316871166229248,"y":0.6839424967765808,"z":42.287696838378909},"rotation":{"x":0.058490607887506488,"y":-0.3459789752960205,"z":0.021616393700242044,"w":0.9361696839332581},"size":2.9161174297332765,"orthographic":false}