{"cameraMode":{"drawMode":0,"name":"Shaded","section":"Shading Mode"},"sceneLighting":false,"audioPlay":false,"sceneViewState":{"showFog":true,"showMaterialUpdate":true,"showSkybox":false,"showFlares":true,"showImageEffects":true,"showParticleSystems":true},"in2DMode":false,"pivot":{"x":2.00015926361084,"y":1.5534511804580689,"z":-19.77303695678711},"rotation":{"x":-0.13537928462028504,"y":0.32825466990470889,"z":-0.047597743570804599,"w":-0.9336262345314026},"size":2.907179832458496,"orthographic":false}