{"cameraMode":{"drawMode":0,"name":"Shaded","section":"Shading Mode"},"sceneLighting":false,"audioPlay":false,"sceneViewState":{"showFog":true,"showMaterialUpdate":true,"showSkybox":false,"showFlares":true,"showImageEffects":true,"showParticleSystems":true},"in2DMode":false,"pivot":{"x":0.038675785064697269,"y":0.5365430116653442,"z":-19.532257080078126},"rotation":{"x":0.06384436786174774,"y":-0.2502470314502716,"z":0.016539935022592546,"w":0.9659336805343628},"size":1.2928202152252198,"orthographic":false}