{"cameraMode":{"drawMode":0,"name":"Shaded","section":"Shading Mode"},"sceneLighting":false,"audioPlay":false,"sceneViewState":{"showFog":true,"showMaterialUpdate":false,"showSkybox":false,"showFlares":false,"showImageEffects":false,"showParticleSystems":false},"in2DMode":false,"pivot":{"x":0.022908031940460206,"y":0.5447585582733154,"z":-20.212562561035158},"rotation":{"x":0.0712391808629036,"y":0.05234246701002121,"z":-0.003743728855624795,"w":0.9960800409317017},"size":0.6928200721740723,"orthographic":false}