{"cameraMode":{"drawMode":0,"name":"Shaded","section":"Shading Mode"},"sceneLighting":false,"audioPlay":false,"sceneViewState":{"showFog":true,"showMaterialUpdate":false,"showSkybox":false,"showFlares":false,"showImageEffects":false,"showParticleSystems":false},"in2DMode":false,"pivot":{"x":-0.4349498748779297,"y":0.5040165185928345,"z":50.61945724487305},"rotation":{"x":0.10816632211208344,"y":-0.37345173954963686,"z":0.04389408975839615,"w":0.9202765226364136},"size":0.735120952129364,"orthographic":false}