{"cameraMode":{"drawMode":0,"name":"Shaded","section":"Shading Mode"},"sceneLighting":false,"audioPlay":false,"sceneViewState":{"showFog":true,"showMaterialUpdate":false,"showSkybox":false,"showFlares":true,"showImageEffects":true,"showParticleSystems":true},"in2DMode":false,"pivot":{"x":0.0,"y":1.2999999523162842,"z":80.01249694824219},"rotation":{"x":-0.1517559289932251,"y":0.31481289863586428,"z":-0.051065362989902499,"w":-0.9355545043945313},"size":1.886961579322815,"orthographic":false}