{"cameraMode":{"drawMode":0,"name":"Shaded","section":"Shading Mode"},"sceneLighting":true,"audioPlay":false,"sceneViewState":{"showFog":true,"showMaterialUpdate":false,"showSkybox":true,"showFlares":true,"showImageEffects":true,"showParticleSystems":true},"in2DMode":false,"pivot":{"x":-72.24537658691406,"y":-83.61663055419922,"z":72.61460876464844},"rotation":{"x":-0.2778718173503876,"y":0.32763853669166567,"z":-0.10146170109510422,"w":-0.8972996473312378},"size":106.0194091796875,"orthographic":false}