{"cameraMode":{"drawMode":0,"name":"Shaded","section":"Shading Mode"},"sceneLighting":false,"audioPlay":false,"sceneViewState":{"showFog":true,"showMaterialUpdate":false,"showSkybox":false,"showFlares":true,"showImageEffects":true,"showParticleSystems":true},"in2DMode":false,"pivot":{"x":-0.37994590401649477,"y":0.9507495164871216,"z":79.29603576660156},"rotation":{"x":-0.010439570993185044,"y":0.9713543653488159,"z":-0.2333969622850418,"w":-0.04344751685857773},"size":3.086961507797241,"orthographic":false}